network,stnm,channel,dist,phase,phase_time,onset,polarity,evaluation_mode,evaluation_status,evtime,evla,evlo,mag,mag_type,eventId
BK,MNRC,HHZ,31.75723192,P,2005-07-23T12:31:34.290000Z,,negative,manual,final,2005-07-23T12:31:27.830000Z,38.7963333,-122.7938333,3.19,Ml,21471390
BK,MNRC,HHZ,61.66853837,P,2005-08-25T11:10:53.390000Z,,positive,manual,final,2005-08-25T11:10:41.720000Z,38.362,-122.185,3.16,Ml,21479549
BK,MNRC,HHZ,33.50502452,P,2005-08-29T02:36:31.350000Z,,positive,manual,final,2005-08-29T02:36:24.670000Z,38.8171667,-122.8215,3.1,Ml,21480285
BK,MNRC,HHZ,66.38005416,P,2005-10-17T03:29:35.610000Z,,negative,manual,final,2005-10-17T03:29:22.660000Z,39.1538333,-123.1246667,3.06,Ml,21489861
BK,MNRC,HHZ,38.25638494,P,2005-10-19T00:05:19.570000Z,,positive,manual,final,2005-10-19T00:05:12.030000Z,38.835,-122.881,4.14,Mw,21490245
BK,MNRC,HHZ,31.07008975,P,2005-10-24T17:56:44.010000Z,,positive,manual,final,2005-10-24T17:56:37.540000Z,38.8075,-122.7896667,3.12,Ml,21491341
BK,MNRC,HHZ,30.37772968,P,2005-11-17T08:55:11.840000Z,,positive,manual,final,2005-11-17T08:55:05.710000Z,38.8138333,-122.7835,3.88,Mw,21495369
BK,MNRC,HHZ,68.62396137,P,2005-11-24T16:10:57.030000Z,,positive,manual,final,2005-11-24T16:10:44.390000Z,39.1605,-123.1495,3.06,Md,21496538
BK,MNRC,HHZ,26.25541421,P,2005-12-01T11:25:11.750000Z,,positive,manual,final,2005-12-01T11:25:06.430000Z,38.776,-122.7156667,3.03,Ml,21497465
BK,MNRC,HHZ,30.11360023,P,2005-12-14T22:50:25.570000Z,,positive,manual,final,2005-12-14T22:50:19.260000Z,38.7898333,-122.7711667,3.31,Ml,21499618
BK,MNRC,HHZ,31.64485587,P,2006-01-05T21:26:46.620000Z,,negative,manual,final,2006-01-05T21:26:40.290000Z,38.8045,-122.7955,3.08,Ml,21502012
BK,MNRC,HHZ,30.70660516,P,2006-01-31T09:17:18.070000Z,,positive,manual,final,2006-01-31T09:17:11.850000Z,38.8286667,-122.7915,3.08,Ml,21504620
BK,MNRC,HHZ,31.79764464,P,2006-02-23T15:10:45.250000Z,,negative,manual,final,2006-02-23T15:10:38.930000Z,38.8266667,-122.8038333,3.22,Ml,21507253
BK,MNRC,HHZ,28.89174121,P,2006-03-07T01:54:32.890000Z,,positive,manual,final,2006-03-07T01:54:26.250000Z,38.777,-122.7496667,3.14,Md,21508432
BK,MNRC,HHZ,28.24627511,P,2006-03-23T10:17:28.960000Z,,negative,manual,final,2006-03-23T10:17:23.440000Z,38.769,-122.7368333,3.07,Md,21510319
BK,MNRC,HHZ,31.27535164,P,2006-03-31T07:51:04.390000Z,,positive,manual,final,2006-03-31T07:50:57.910000Z,38.8066667,-122.7918333,3.04,Ml,21511151
BK,MNRC,HHZ,30.64450952,P,2006-04-01T21:39:19.980000Z,,positive,manual,final,2006-04-01T21:39:13.770000Z,38.788,-122.7768333,3.18,Ml,21511357
BK,MNRC,HHZ,32.26113851,P,2006-04-05T01:22:34.780000Z,,negative,manual,final,2006-04-05T01:22:28.320000Z,38.8228333,-122.8083333,3.22,Md,21511699
BK,MNRC,HHZ,28.57047024,P,2006-04-07T09:27:56.640000Z,,positive,manual,final,2006-04-07T09:27:50.980000Z,38.7761667,-122.7451667,3.05,Md,21512019
BK,MNRC,HHZ,109.2006394,P,2006-04-07T10:04:46.620000Z,,negative,manual,final,2006-04-07T10:04:28.290000Z,39.5646667,-123.35,3.5,Ml,21512022
BK,MNRC,HHZ,60.62772525,P,2006-04-30T18:20:24.300000Z,,positive,manual,final,2006-04-30T18:20:12.100000Z,38.953,-123.137,3.28,Ml,21514987
BK,MNRC,HHZ,79.961689,P,2006-05-02T11:04:36.440000Z,,positive,manual,final,2006-05-02T11:04:20.950000Z,39.5615,-122.7341667,3.14,Md,21515225
BK,MNRC,HHZ,32.85537924,P,2006-05-12T10:37:35.830000Z,,positive,manual,final,2006-05-12T10:37:29.330000Z,38.8171667,-122.8138333,4.71,Mw,21516950
BK,MNRC,HHZ,50.16927676,P,2006-05-28T01:07:35.230000Z,,negative,manual,final,2006-05-28T01:07:25.920000Z,38.4795,-122.712,3.04,Md,21519421
BK,MNRC,HHZ,30.56086906,P,2006-06-19T05:55:21.070000Z,,positive,manual,final,2006-06-19T05:55:14.880000Z,38.7891667,-122.7763333,3.15,Md,21523073
BK,MNRC,HHZ,31.06455922,P,2006-07-01T11:40:25.660000Z,,positive,manual,final,2006-07-01T11:40:19.490000Z,38.8345,-122.797,3.05,Md,21525352
BK,MNRC,HHZ,86.61985777,P,2006-07-03T12:45:06.770000Z,,positive,manual,final,2006-07-03T12:44:51.080000Z,39.4538333,-123.1205,3.6,Mw,21525602
BK,MNRC,HHZ,97.52998075,P,2006-07-06T20:43:41.390000Z,,positive,manual,final,2006-07-06T20:43:24.060000Z,38.5043333,-123.459,3.7,Mw,21526081
BK,MNRC,HHZ,58.67734206,P,2006-08-03T03:08:23.630000Z,,negative,manual,final,2006-08-03T03:08:12.860000Z,38.3635,-122.5886667,4.5,Mw,21530368
BK,MNRC,HHZ,26.69366457,P,2006-09-12T14:22:18.920000Z,,positive,manual,final,2006-09-12T14:22:13.320000Z,38.8028333,-122.7351667,3.12,Md,21536805
BK,MNRC,HHZ,82.47646819,P,2006-09-26T20:56:28.530000Z,,negative,manual,final,2006-09-26T20:56:13.420000Z,39.312,-123.2185,3.9,Mw,21539036
BK,MNRC,HHZ,30.96692035,P,2006-10-14T18:02:00.220000Z,,positive,manual,final,2006-10-14T18:01:54.030000Z,38.8138333,-122.7905,3.18,Md,21542675
BK,MNRC,HHZ,29.85900363,P,2006-10-20T17:00:14.150000Z,,positive,manual,final,2006-10-20T17:00:08.100000Z,38.8666667,-122.7873333,4.56,Mw,21543835
BK,MNRC,HHZ,29.49361928,P,2006-10-20T23:31:45.470000Z,,positive,manual,final,2006-10-20T23:31:39.690000Z,38.865,-122.783,3.86,Mw,21544051
BK,MNRC,HHZ,29.48566767,P,2006-10-31T03:43:25.860000Z,,positive,manual,final,2006-10-31T03:43:19.760000Z,38.7928333,-122.7648333,3.31,Ml,21545805
BK,MNRC,HHZ,89.96476662,P,2006-11-09T08:38:29.900000Z,,positive,manual,final,2006-11-09T08:38:13.440000Z,39.3586667,-123.2823333,4.1,Mw,21547350
BK,MNRC,HHZ,89.79504666,P,2006-11-10T05:06:12.640000Z,,positive,manual,final,2006-11-10T05:05:56.300000Z,39.3576667,-123.2808333,3.7,Mw,21547458
BK,MNRC,HHZ,27.36821984,P,2006-11-24T16:08:13.940000Z,,positive,manual,final,2006-11-24T16:08:08.500000Z,38.7491667,-122.7113333,3.12,Md,21549226
BK,MNRC,HHZ,30.57505375,P,2006-11-26T15:24:40.230000Z,,positive,manual,final,2006-11-26T15:24:33.940000Z,38.7876667,-122.7758333,3.45,Md,21549441
BK,MNRC,HHZ,29.48161662,P,2006-11-29T03:20:27.920000Z,,negative,manual,final,2006-11-29T03:20:22.210000Z,38.6545,-122.2613333,3.23,Ml,21549856
BK,MNRC,HHZ,25.84207061,P,2007-02-22T08:24:56.520000Z,emergent,positive,manual,reviewed,2007-02-22T08:24:51.080000Z,38.8361667,-122.7361667,3.16,Md,40193800
BK,MNRC,HHZ,31.03394408,P,2007-02-28T10:47:45.860000Z,impulsive,negative,manual,reviewed,2007-02-28T10:47:39.500000Z,38.8063333,-122.7888333,3.27,Ml,40193983
BK,MNRC,HHZ,26.78413149,P,2007-03-02T09:28:36.940000Z,emergent,undecidable,manual,reviewed,2007-03-02T09:28:30.830000Z,38.7766667,-122.7228333,3.05,Ml,40194078
BK,MNRC,HHZ,86.90517544,P,2007-04-15T14:28:05.090000Z,emergent,undecidable,manual,reviewed,2007-04-15T14:27:49.360000Z,39.4691667,-123.1033333,3.04,Ml,40195669
BK,MNRC,HHZ,86.74242023,P,2007-04-18T08:42:38.080000Z,impulsive,positive,manual,reviewed,2007-04-18T08:42:22.330000Z,39.4645,-123.1073333,4.79,Mw,40195779
BK,MNRC,HHZ,32.03238387,P,2007-04-24T21:08:35.250000Z,impulsive,positive,manual,reviewed,2007-04-24T21:08:28.530000Z,38.7946667,-122.7965,4.46,Mw,51181154
BK,MNRC,HHZ,26.07355358,P,2007-04-29T13:06:38.000000Z,emergent,positive,manual,reviewed,2007-04-29T13:06:32.080000Z,38.8,-122.7263333,3.27,Ml,51181381
BK,MNRC,HHZ,50.08186841,P,2007-05-24T16:01:28.970000Z,impulsive,negative,manual,reviewed,2007-05-24T16:01:19.730000Z,38.4285,-122.458,3.31,Ml,51182213
BK,MNRC,HHZ,31.54739614,P,2007-07-18T21:32:02.550000Z,impulsive,positive,manual,reviewed,2007-07-18T21:31:56.270000Z,38.8426667,-122.8041667,3.3,Ml,51184246
BK,MNRC,HHZ,32.51879072,P,2007-07-20T17:50:27.040000Z,impulsive,positive,manual,reviewed,2007-07-20T17:50:20.350000Z,38.8066667,-122.8066667,3.79,Mw,51184307
BK,MNRC,HHZ,26.56424721,P,2007-09-08T22:29:19.110000Z,emergent,positive,manual,reviewed,2007-09-08T22:29:13.670000Z,38.778,-122.7208333,3.02,Ml,40201511
BK,MNRC,HHZ,37.16119236,P,2007-09-09T12:19:53.580000Z,impulsive,positive,manual,reviewed,2007-09-09T12:19:46.320000Z,38.83,-122.8673333,3.5,Ml,40201555
BK,MNRC,HHZ,5.158672452,P,2007-09-17T14:43:22.270000Z,impulsive,negative,manual,reviewed,2007-09-17T14:43:20.610000Z,38.8601667,-122.3881667,3.6,Mw,40201994
BK,MNRC,HHZ,30.98013576,P,2007-12-01T20:50:18.610000Z,emergent,negative,manual,reviewed,2007-12-01T20:50:12.260000Z,38.8155,-122.7911667,3.93,Mw,40206647
BK,MNRC,HHZ,30.81070793,P,2007-12-01T20:57:15.910000Z,impulsive,positive,manual,reviewed,2007-12-01T20:57:09.730000Z,38.8451667,-122.796,3.03,Ml,40206665
BK,MNRC,HHZ,107.1875855,P,2007-12-06T15:13:25.790000Z,emergent,negative,manual,reviewed,2007-12-06T15:13:08.390000Z,39.828,-122.6596667,3.47,Ml,40206977
BK,MNRC,HHZ,89.36629119,P,2008-03-10T05:14:44.070000Z,impulsive,positive,manual,reviewed,2008-03-10T05:14:27.810000Z,39.3548333,-123.2773333,3.7,Mw,51198002
BK,MNRC,HHZ,89.46409687,P,2008-03-10T06:02:51.210000Z,emergent,positive,manual,reviewed,2008-03-10T06:02:35.260000Z,39.3511667,-123.2821667,3.07,Ml,51198004
BK,MNRC,HHZ,30.51613811,P,2008-03-27T21:04:42.600000Z,impulsive,positive,manual,reviewed,2008-03-27T21:04:36.390000Z,38.8171667,-122.7861667,3.47,Mw,51199197
BK,MNRC,HHZ,30.81649702,P,2008-05-01T13:28:10.980000Z,impulsive,negative,manual,reviewed,2008-05-01T13:28:04.760000Z,38.831,-122.7933333,3.21,Ml,40216760
BK,MNRC,HHZ,30.10081285,P,2008-05-30T04:48:42.330000Z,impulsive,positive,manual,reviewed,2008-05-30T04:48:36.230000Z,38.7758333,-122.7641667,4.14,Mw,40218402
BK,MNRC,HHZ,74.31328608,P,2008-06-04T02:29:17.550000Z,emergent,positive,manual,reviewed,2008-06-04T02:29:04.150000Z,38.2418333,-122.1838333,3.96,Mw,51203773
BK,MNRC,HHZ,29.48588441,P,2008-07-28T05:33:35.260000Z,impulsive,positive,manual,reviewed,2008-07-28T05:33:29.260000Z,38.7913333,-122.7641667,3.12,Ml,40221260
BK,MNRC,HHZ,44.33107834,P,2008-09-09T12:41:02.870000Z,emergent,positive,manual,reviewed,2008-09-09T12:40:54.670000Z,38.6316667,-122.844,3.08,Ml,51207873
BK,MNRC,HHZ,34.16749255,P,2008-11-12T11:11:05.490000Z,impulsive,positive,manual,reviewed,2008-11-12T11:10:58.850000Z,38.8641667,-122.837,3.5,Mw,51211062
BK,MNRC,HHZ,27.50188011,P,2008-11-21T15:02:31.770000Z,emergent,positive,manual,reviewed,2008-11-21T15:02:26.220000Z,38.7655,-122.725,3.03,Ml,40226496
BK,MNRC,HHZ,74.52170943,P,2008-11-24T01:05:01.740000Z,impulsive,positive,manual,reviewed,2008-11-24T01:04:48.190000Z,38.2415,-122.1773333,3.11,Ml,40226685
BK,MNRC,HHZ,32.50429748,P,2008-12-01T19:41:38.330000Z,impulsive,positive,manual,reviewed,2008-12-01T19:41:31.830000Z,38.8165,-122.8095,3.3,Ml,40227109
BK,MNRC,HHZ,31.69988596,P,2008-12-15T04:24:30.340000Z,impulsive,positive,manual,reviewed,2008-12-15T04:24:24.010000Z,38.8301667,-122.8035,3.02,Ml,51213092
BK,MNRC,HHZ,31.64167389,P,2008-12-15T04:24:56.950000Z,emergent,negative,manual,reviewed,2008-12-15T04:24:50.240000Z,38.8295,-122.8026667,3.15,Ml,51213093
BK,MNRC,HHZ,31.15813259,P,2008-12-22T00:36:09.380000Z,impulsive,positive,manual,reviewed,2008-12-22T00:36:02.940000Z,38.8088333,-122.7911667,3.04,Ml,51213575
BK,MNRC,HHZ,30.50709048,P,2009-01-04T17:27:16.720000Z,impulsive,positive,manual,reviewed,2009-01-04T17:27:10.480000Z,38.7823333,-122.7725,4.27,Mw,51214595
BK,MNRC,HHZ,79.7033359,P,2009-01-10T09:18:25.830000Z,impulsive,positive,manual,reviewed,2009-01-10T09:18:11.160000Z,39.0321667,-123.3431667,3.8,Mw,51214975
BK,MNRC,HHZ,32.67254802,P,2009-02-20T10:29:34.270000Z,emergent,positive,manual,reviewed,2009-02-20T10:29:27.610000Z,38.8103333,-122.8096667,3.7,Mw,40231987
BK,MNRC,HHZ,106.6678676,P,2009-02-22T19:16:54.000000Z,emergent,undecidable,manual,reviewed,2009-02-22T19:16:35.000000Z,39.0075,-123.665,3.08,Ml,40232137
BK,MNRC,HHZ,30.08844029,P,2009-03-05T23:06:32.210000Z,emergent,positive,manual,reviewed,2009-03-05T23:06:25.900000Z,38.8311667,-122.7848333,3.34,Mw,40232728
BK,MNRC,HHZ,31.57769802,P,2009-04-17T15:09:46.010000Z,impulsive,positive,manual,reviewed,2009-04-17T15:09:39.630000Z,38.8146667,-122.798,3.7,Mw,51220062
BK,MNRC,HHZ,33.13826144,P,2009-05-18T11:40:40.550000Z,impulsive,negative,manual,reviewed,2009-05-18T11:40:33.890000Z,38.819,-122.8176667,3.37,Mw,51221777
BK,MNRC,HHZ,107.5468525,P,2009-06-06T22:31:14.430000Z,emergent,negative,manual,reviewed,2009-06-06T22:30:56.180000Z,37.9176667,-122.3041667,3.32,Ml,40237749
BK,MNRC,HHZ,31.40366033,P,2009-06-10T09:59:13.890000Z,emergent,positive,manual,reviewed,2009-06-10T09:59:07.710000Z,38.8346667,-122.801,3.08,Ml,40237916
BK,MNRC,HHZ,31.05115242,P,2009-06-30T17:27:33.960000Z,impulsive,negative,manual,reviewed,2009-06-30T17:27:27.720000Z,38.8076668,-122.7894974,3.84,Mw,71241391
BK,MNRC,HHZ,31.9817283,P,2009-07-07T00:29:39.730000Z,impulsive,positive,manual,reviewed,2009-07-07T00:29:33.350000Z,38.8318329,-122.8071671,3.76,Mw,71244696
BK,MNRC,HHZ,30.98417193,P,2009-07-07T05:03:36.450000Z,impulsive,positive,manual,reviewed,2009-07-07T05:03:30.270000Z,38.8366661,-122.7965012,3.74,Mw,71244841
BK,MNRC,HHZ,28.70725357,P,2009-10-23T06:46:27.490000Z,impulsive,positive,manual,reviewed,2009-10-23T06:46:21.570000Z,38.7925,-122.7551667,3.05,Ml,71298350
BK,MNRC,HHZ,29.79558522,P,2009-10-31T06:52:30.040000Z,impulsive,negative,manual,reviewed,2009-10-31T06:52:23.990000Z,38.7945,-122.7693333,3.58,Mw,71302365
BK,MNRC,HHZ,30.78278018,P,2009-11-24T11:59:59.580000Z,impulsive,positive,manual,reviewed,2009-11-24T11:59:53.320000Z,38.8183333,-122.7896667,3.67,Mw,71318526
BK,MNRC,HHZ,90.52914452,P,2009-12-04T17:06:13.260000Z,emergent,negative,manual,reviewed,2009-12-04T17:05:56.850000Z,39.635,-122.8321667,3.01,Ml,71317805
BK,MNRC,HHZ,29.93776549,P,2009-12-20T12:26:31.910000Z,impulsive,negative,manual,reviewed,2009-12-20T12:26:25.800000Z,38.7883333,-122.7683333,3.77,Mw,71324305
BK,MNRC,HHZ,31.45642408,P,2010-01-30T09:32:39.480000Z,impulsive,positive,manual,reviewed,2010-01-30T09:32:33.250000Z,38.831,-122.8008333,3.6,Mw,71346081
BK,MNRC,HHZ,27.81506431,P,2010-03-04T17:47:07.760000Z,impulsive,positive,manual,reviewed,2010-03-04T17:47:02.040000Z,38.8418333,-122.7605,3.41,Mw,71358315
BK,MNRC,HHZ,32.87742601,P,2010-03-11T01:06:44.610000Z,impulsive,positive,manual,reviewed,2010-03-11T01:06:37.850000Z,38.8053333,-122.8105,3.04,Ml,71361510
BK,MNRC,HHZ,33.83613535,P,2010-03-28T09:39:34.180000Z,impulsive,positive,manual,reviewed,2010-03-28T09:39:27.400000Z,38.811,-122.8236667,3.65,Mw,71369580
BK,MNRC,HHZ,31.70834184,P,2010-04-10T12:26:32.950000Z,impulsive,positive,manual,reviewed,2010-04-10T12:26:26.490000Z,38.8255,-122.8025,3.06,Ml,71380256
BK,MNRC,HHZ,28.41651045,P,2010-04-14T06:02:12.890000Z,impulsive,negative,manual,reviewed,2010-04-14T06:02:07.260000Z,38.7606667,-122.7336667,3.15,Ml,71381821
BK,MNRC,HHZ,29.63431384,P,2010-04-26T03:44:16.020000Z,impulsive,positive,manual,reviewed,2010-04-26T03:44:09.910000Z,38.7925,-122.7665,3.26,Ml,71388296
BK,MNRC,HHZ,31.59480394,P,2010-04-27T23:07:27.830000Z,impulsive,positive,manual,reviewed,2010-04-27T23:07:21.400000Z,38.8156667,-122.7985,3.49,Mw,71389236
BK,MNRC,HHZ,27.22115923,P,2010-05-21T03:18:51.010000Z,emergent,positive,manual,reviewed,2010-05-21T03:18:45.460000Z,38.7896667,-122.7355,3.02,Mw,71401831
BK,MNRC,HHZ,67.17437314,P,2010-05-28T15:22:38.640000Z,impulsive,positive,manual,reviewed,2010-05-28T15:22:26.190000Z,39.215,-123.089,3.18,Mw,71405646
BK,MNRC,HHZ,33.02142436,P,2010-06-01T07:20:46.170000Z,impulsive,positive,manual,reviewed,2010-06-01T07:20:39.510000Z,38.794,-122.8081667,3.3,Mw,71407901
BK,MNRC,HHZ,30.64321416,P,2010-06-14T11:39:08.880000Z,emergent,negative,manual,reviewed,2010-06-14T11:39:02.700000Z,38.795,-122.7798333,3.66,Mw,71415021
BK,MNRC,HHZ,33.63016841,P,2010-06-22T21:42:06.980000Z,emergent,negative,manual,reviewed,2010-06-22T21:42:00.310000Z,38.8401667,-122.828,3.16,Ml,71413845
BK,MNRC,HHZ,103.7824399,P,2010-07-01T00:30:03.200000Z,impulsive,negative,manual,reviewed,2010-07-01T00:29:47.300000Z,39.7695,-122.0825,3.31,Mw,71417885
BK,MNRC,HHZ,28.84955241,P,2010-07-13T03:03:29.050000Z,impulsive,positive,manual,reviewed,2010-07-13T03:03:23.260000Z,38.7923333,-122.7568333,3.21,Mw,71424065
BK,MNRC,HHZ,32.29803462,P,2010-07-15T15:31:49.970000Z,impulsive,negative,manual,reviewed,2010-07-15T15:31:43.540000Z,38.8186667,-122.8076667,3.95,Mw,71425345
BK,MNRC,HHZ,33.0539733,P,2010-07-15T23:54:26.910000Z,impulsive,positive,manual,reviewed,2010-07-15T23:54:20.340000Z,38.8153333,-122.8156667,3.71,Mw,71425825
BK,MNRC,HHZ,32.35877698,P,2010-07-18T07:49:23.060000Z,impulsive,negative,manual,reviewed,2010-07-18T07:49:16.680000Z,38.827,-122.8105,3.17,Ml,71427235
BK,MNRC,HHZ,90.55974236,P,2010-07-27T21:21:56.700000Z,impulsive,positive,manual,reviewed,2010-07-27T21:21:40.340000Z,39.4981667,-123.125,3.36,Mw,71438156
BK,MNRC,HHZ,30.9664001,P,2010-07-28T22:37:07.400000Z,impulsive,positive,manual,reviewed,2010-07-28T22:37:01.180000Z,38.8171667,-122.7915,3.31,Mw,71438606
BK,MNRC,HHZ,58.04909743,P,2010-07-31T01:32:07.560000Z,impulsive,positive,manual,reviewed,2010-07-31T01:31:57.030000Z,39.3138333,-122.8145,3.01,Mw,71439771
BK,MNRC,HHZ,33.28922325,P,2010-08-13T15:52:04.020000Z,impulsive,positive,manual,reviewed,2010-08-13T15:51:57.350000Z,38.7951667,-122.8118333,3.19,Mw,71440560
BK,MNRC,HHZ,28.76339019,P,2010-08-15T18:52:01.230000Z,impulsive,positive,manual,reviewed,2010-08-15T18:51:55.220000Z,38.8186667,-122.7658333,3.33,Mw,71441590
BK,MNRC,HHZ,56.63497909,P,2010-08-28T11:50:05.310000Z,emergent,positive,manual,reviewed,2010-08-28T11:49:55.030000Z,39.3068333,-122.7983333,3.56,Mw,71447655
BK,MNRC,HHZ,102.3122627,P,2010-09-02T16:35:51.650000Z,emergent,undecidable,manual,reviewed,2010-09-02T16:35:33.790000Z,37.9616667,-122.3473333,3.12,Mw,71449830
BK,MNRC,HHZ,30.75008363,P,2010-10-19T17:51:56.140000Z,emergent,negative,manual,reviewed,2010-10-19T17:51:48.960000Z,38.833,-122.793,3.54,Mw,71476241
BK,MNRC,HHZ,32.0175752,P,2010-12-06T13:57:44.810000Z,impulsive,positive,manual,reviewed,2010-12-06T13:57:38.200000Z,38.8036667,-122.7996667,3.71,Mw,71493190
BK,MNRC,HHZ,27.52433285,P,2010-12-21T10:10:35.920000Z,impulsive,positive,manual,reviewed,2010-12-21T10:10:30.050000Z,38.7905,-122.7396667,3.58,Mw,71499405
BK,MNRC,HHZ,28.83363576,P,2010-12-29T00:13:03.650000Z,emergent,positive,manual,reviewed,2010-12-29T00:12:57.870000Z,38.795,-122.7578333,3.13,Ml,71502510
BK,MNRC,HHZ,31.47333964,P,2011-02-07T01:55:02.380000Z,impulsive,positive,manual,reviewed,2011-02-07T01:54:56.150000Z,38.8286667,-122.8005,3.25,Ml,71525721
BK,MNRC,HHZ,81.13499658,P,2011-02-23T04:49:56.520000Z,emergent,negative,manual,reviewed,2011-02-23T04:49:41.440000Z,39.4948333,-122.9471667,4.29,Mw,71527390
BK,MNRC,HHZ,81.47561241,P,2011-02-23T04:50:30.430000Z,emergent,undecidable,manual,reviewed,2011-02-23T04:50:14.360000Z,39.4938333,-122.9565,4.21,Mw,71048354
BK,MNRC,HHZ,33.42070093,P,2011-03-01T02:19:53.700000Z,impulsive,positive,manual,reviewed,2011-03-01T02:19:47.010000Z,38.8153333,-122.82,4.43,Mw,71530230
BK,MNRC,HHZ,30.92517661,P,2011-03-17T15:29:34.130000Z,impulsive,positive,manual,reviewed,2011-03-17T15:29:27.890000Z,38.8091667,-122.7885,3.09,Ml,71544341
BK,MNRC,HHZ,27.52114788,P,2011-03-20T22:08:39.230000Z,emergent,negative,manual,reviewed,2011-03-20T22:08:33.480000Z,38.836,-122.7558333,3.21,Ml,71545631
BK,MNRC,HHZ,88.48294749,P,2011-03-21T20:42:42.680000Z,emergent,positive,manual,reviewed,2011-03-21T20:42:26.860000Z,39.1216667,-123.4178333,3.47,Mw,71546011
BK,MNRC,HHZ,28.70764549,P,2011-04-10T09:49:00.190000Z,emergent,positive,manual,reviewed,2011-04-10T09:48:54.400000Z,38.7615,-122.738,3.27,Ml,71555521
BK,MNRC,HHZ,30.87953037,P,2011-04-23T19:43:03.710000Z,impulsive,positive,manual,reviewed,2011-04-23T19:42:57.530000Z,38.8321667,-122.7943333,3.38,Mw,71564061
BK,MNRC,HHZ,33.25982808,P,2011-04-26T17:43:15.050000Z,impulsive,negative,manual,reviewed,2011-04-26T17:43:08.350000Z,38.8126667,-122.8173333,3.9,Mw,71566046
BK,MNRC,HHZ,77.62916221,P,2011-05-02T10:53:17.070000Z,impulsive,positive,manual,reviewed,2011-05-02T10:53:02.960000Z,39.4621667,-122.9373333,3.4,Mw,71568806
BK,MNRC,HHZ,78.84678897,P,2011-05-05T19:14:04.330000Z,emergent,positive,manual,reviewed,2011-05-05T19:13:49.940000Z,39.475,-122.9378333,3.2,Ml,71565280
BK,MNRC,HHZ,30.9234978,P,2011-05-06T09:20:27.890000Z,impulsive,positive,manual,reviewed,2011-05-06T09:20:21.710000Z,38.8231667,-122.7926667,3.21,Ml,71565520
BK,MNRC,HHZ,30.35226641,P,2011-05-09T14:36:53.540000Z,emergent,positive,manual,reviewed,2011-05-09T14:36:47.400000Z,38.7946667,-122.7761667,3.34,Ml,71567285
BK,MNRC,HHZ,74.10174302,P,2011-05-17T15:20:20.730000Z,emergent,negative,manual,reviewed,2011-05-17T15:20:06.920000Z,39.2273331,-123.1741638,3.74,Mw,71571370
BK,MNRC,HHZ,101.2361826,P,2011-05-22T02:05:14.300000Z,emergent,positive,manual,reviewed,2011-05-22T02:04:56.940000Z,37.980999,-122.2493362,3.36,Mw,71573330
BK,MNRC,HHZ,29.37957995,P,2011-05-28T22:55:30.920000Z,impulsive,positive,manual,reviewed,2011-05-28T22:55:24.900000Z,38.792,-122.7631667,3.73,Mw,71576830
BK,MNRC,HHZ,58.92677526,P,2011-06-11T21:08:57.190000Z,impulsive,negative,manual,reviewed,2011-06-11T21:08:46.390000Z,38.3576667,-122.5663333,3.11,Ml,71583620
BK,MNRC,HHZ,27.93029217,P,2011-06-29T11:13:36.300000Z,impulsive,negative,manual,reviewed,2011-06-29T11:13:30.730000Z,38.7448333,-122.7155,3.26,Mw,71592270
BK,MNRC,HHZ,65.06708845,P,2011-07-25T17:42:05.470000Z,impulsive,positive,manual,reviewed,2011-07-25T17:41:53.500000Z,38.3175,-122.6546667,3.33,Ml,71607280
BK,MNRC,HHZ,28.16634276,P,2011-08-17T09:02:56.910000Z,impulsive,negative,manual,reviewed,2011-08-17T09:02:51.050000Z,38.7906667,-122.7476667,3.67,Mw,71621065
BK,MNRC,HHZ,31.73369754,P,2011-09-17T20:15:02.690000Z,impulsive,positive,manual,reviewed,2011-09-17T20:14:56.360000Z,38.8263321,-122.8030014,3.38,Mw,71648616
BK,MNRC,HHZ,31.67577746,P,2011-09-26T09:01:29.450000Z,impulsive,negative,manual,reviewed,2011-09-26T09:01:23.390000Z,38.5961685,-122.3964996,3.43,Mw,71653621
BK,MNRC,HHZ,33.34486283,P,2011-12-08T09:58:00.900000Z,impulsive,positive,manual,reviewed,2011-12-08T09:57:54.220000Z,38.8011667,-122.8146667,3.26,Ml,71693786
BK,MNRC,HHZ,30.12208849,P,2012-01-19T00:58:05.430000Z,impulsive,positive,manual,reviewed,2012-01-19T00:57:59.170000Z,38.7863333,-122.7696667,3.13,Md,71719996
BK,MNRC,HHZ,23.90226824,P,2012-01-24T12:11:33.750000Z,impulsive,positive,manual,reviewed,2012-01-24T12:11:28.890000Z,38.9693336,-122.6933365,3.8,Mw,71717085
BK,MNRC,HHZ,33.18783795,P,2012-01-27T05:21:49.020000Z,emergent,negative,manual,reviewed,2012-01-27T05:21:42.350000Z,38.8121667,-122.8163333,3.28,Ml,71718960
BK,MNRC,HHZ,31.43189077,P,2012-01-30T03:56:23.100000Z,impulsive,positive,manual,reviewed,2012-01-30T03:56:16.840000Z,38.8251667,-122.7991667,3.31,Mw,71720790
BK,MNRC,HHZ,27.7233187,P,2012-02-13T04:47:18.890000Z,impulsive,positive,manual,reviewed,2012-02-13T04:47:12.810000Z,38.7926667,-122.7431667,4.16,Mw,71729135
BK,MNRC,HHZ,91.0394424,P,2012-02-16T02:09:30.580000Z,emergent,negative,manual,reviewed,2012-02-16T02:09:14.050000Z,38.0766667,-122.2328333,3.55,Mw,71736351
BK,MNRC,HHZ,90.67980237,P,2012-02-16T17:13:37.070000Z,emergent,negative,manual,reviewed,2012-02-16T17:13:20.610000Z,38.079834,-122.2336655,3.54,Mw,71736656
BK,MNRC,HHZ,28.16373455,P,2012-03-17T23:21:28.530000Z,emergent,positive,manual,reviewed,2012-03-17T23:21:22.510000Z,38.8336678,-122.7628326,3.08,Mw,71749275
BK,MNRC,HHZ,29.05589958,P,2012-05-05T09:23:29.000000Z,impulsive,positive,manual,reviewed,2012-05-05T09:23:23.060000Z,38.7956667,-122.7608333,4.25,Mw,71776130
BK,MNRC,HHZ,30.19269615,P,2012-05-05T09:24:40.930000Z,emergent,positive,manual,reviewed,2012-05-05T09:24:34.330000Z,38.799,-122.776,3.34,Mw,71062589
BK,MNRC,HHZ,30.51459321,P,2012-05-13T12:38:58.200000Z,emergent,positive,manual,reviewed,2012-05-13T12:38:52.020000Z,38.7878342,-122.7751694,3.9,Mw,71784801
BK,MNRC,HHZ,31.43651392,P,2012-06-15T20:07:13.210000Z,impulsive,positive,manual,reviewed,2012-06-15T20:07:06.880000Z,38.8328333,-122.801,3.03,Ml,71801556
BK,MNRC,HHZ,99.65532321,P,2012-06-25T13:24:50.190000Z,emergent,undecidable,manual,reviewed,2012-06-25T13:24:32.720000Z,39.463501,-123.3188324,3.47,Mw,71806361
BK,MNRC,HHZ,31.30849248,P,2012-07-09T00:01:24.460000Z,emergent,positive,manual,reviewed,2012-07-09T00:01:18.140000Z,38.8193333,-122.7961667,3.83,Mw,71813266
BK,MNRC,HHZ,26.61663448,P,2012-08-03T18:30:06.610000Z,emergent,negative,manual,reviewed,2012-08-03T18:30:01.140000Z,38.7771683,-122.7210007,3.25,Mw,71826151
BK,MNRC,HHZ,31.74289559,P,2012-09-05T01:33:05.320000Z,impulsive,positive,manual,reviewed,2012-09-05T01:32:59.050000Z,38.8356667,-122.8051667,3.02,Ml,71837740
BK,MNRC,HHZ,29.54047431,P,2012-09-16T18:53:08.690000Z,impulsive,positive,manual,reviewed,2012-09-16T18:53:02.690000Z,38.7928352,-122.7655029,3.43,Mw,71843215
BK,MNRC,HHZ,27.87151486,P,2012-09-22T08:23:06.550000Z,impulsive,positive,manual,reviewed,2012-09-22T08:23:00.630000Z,38.8256667,-122.7573333,3.1,Ml,71845890
BK,MNRC,HHZ,70.35043469,P,2012-09-25T15:15:22.800000Z,impulsive,positive,manual,reviewed,2012-09-25T15:15:09.910000Z,39.1693344,-123.1661682,4.51,Mw,71847715
BK,MNRC,HHZ,76.04391268,P,2012-10-08T16:09:45.590000Z,emergent,negative,manual,reviewed,2012-10-08T16:09:31.920000Z,38.2271652,-122.1771698,3.25,Mw,71855125
BK,MNRC,HHZ,59.02627516,P,2012-11-13T13:40:16.370000Z,impulsive,positive,manual,reviewed,2012-11-13T13:40:05.460000Z,39.0456667,-123.0908333,3.32,Mw,71881720
BK,MNRC,HHZ,31.02843511,P,2012-11-24T08:10:24.920000Z,impulsive,positive,manual,reviewed,2012-11-24T08:10:18.640000Z,38.811,-122.7903333,3.28,Mw,71892301
BK,MNRC,HHZ,31.25624489,P,2012-12-13T05:17:29.080000Z,impulsive,positive,manual,reviewed,2012-12-13T05:17:22.810000Z,38.8228333,-122.7965,3.7,Mw,71903911
BK,MNRC,HHZ,29.52212062,P,2012-12-17T00:03:33.490000Z,emergent,positive,manual,reviewed,2012-12-17T00:03:27.490000Z,38.7878333,-122.763,3.09,Mw,71906161
BK,MNRC,HHZ,33.41470147,P,2013-02-09T00:02:38.830000Z,emergent,positive,manual,reviewed,2013-02-09T00:02:32.070000Z,38.8126667,-122.8191667,3.03,Ml,71933985
BK,MNRC,HHZ,28.55097173,P,2013-03-08T07:59:50.740000Z,impulsive,positive,manual,reviewed,2013-03-08T07:59:45.090000Z,38.7545,-122.7311667,3.29,Ml,71950300
BK,MNRC,HHZ,30.64217726,P,2013-03-14T09:09:29.610000Z,impulsive,positive,manual,reviewed,2013-03-14T09:09:23.330000Z,38.8123333,-122.7861667,4.44,Mw,71954065
BK,MNRC,HHZ,31.23744404,P,2013-03-14T09:10:15.690000Z,impulsive,positive,manual,reviewed,2013-03-14T09:10:09.470000Z,38.827,-122.7973333,3.95,Mw,71070214
BK,MNRC,HHZ,93.92178925,P,2013-03-17T04:00:56.420000Z,emergent,negative,manual,reviewed,2013-03-17T04:00:39.500000Z,39.5698333,-123.0696667,3.07,Ml,71956070
BK,MNRC,HHZ,28.26597088,P,2013-04-16T00:09:16.110000Z,emergent,negative,manual,reviewed,2013-04-16T00:09:10.320000Z,38.7895,-122.7483333,3.47,Ml,71971865
BK,MNRC,HHZ,88.94378726,P,2013-04-28T12:38:28.600000Z,emergent,undecidable,manual,reviewed,2013-04-28T12:38:12.460000Z,39.5311667,-123.04,3.12,Ml,71978685
BK,MNRC,HHZ,29.40257809,P,2013-06-01T20:35:34.440000Z,impulsive,positive,manual,reviewed,2013-06-01T20:35:28.420000Z,38.7888333,-122.762,3.25,Ml,72000705
BK,MNRC,HHZ,27.94388762,P,2013-06-01T23:00:51.940000Z,emergent,positive,manual,reviewed,2013-06-01T23:00:46.120000Z,38.794,-122.7465,3.3,Ml,72000805
BK,MNRC,HHZ,33.06961298,P,2013-07-04T09:39:20.750000Z,impulsive,positive,manual,reviewed,2013-07-04T09:39:14.290000Z,38.8118333,-122.8148333,3.22,Ml,71072959
BK,MNRC,HHZ,31.47029592,P,2013-07-14T22:40:43.970000Z,impulsive,negative,manual,reviewed,2013-07-14T22:40:37.670000Z,38.8081667,-122.7946667,3.7,Mw,72026710
BK,MNRC,HHZ,33.45569519,P,2013-07-18T01:16:17.030000Z,impulsive,positive,manual,reviewed,2013-07-18T01:16:10.240000Z,38.8088333,-122.8185,3.5,Mw,72028470
BK,MNRC,HHZ,32.8172692,P,2013-07-25T22:36:44.470000Z,emergent,negative,manual,reviewed,2013-07-25T22:36:37.740000Z,38.8101667,-122.8113333,3.25,Mw,72033555
BK,MNRC,HHZ,27.19241151,P,2013-08-02T11:46:46.370000Z,emergent,negative,manual,reviewed,2013-08-02T11:46:41.010000Z,38.7528333,-122.7118333,3.23,Ml,72041801
BK,MNRC,HHZ,26.73110285,P,2013-08-28T04:43:10.440000Z,emergent,positive,manual,reviewed,2013-08-28T04:43:05.050000Z,38.762,-122.7125,3.76,Mw,72057971
BK,MNRC,HHZ,44.88206849,P,2013-09-12T19:02:52.630000Z,emergent,positive,manual,reviewed,2013-09-12T19:02:43.920000Z,39.2286667,-122.7018333,3.11,Ml,72068926
BK,MNRC,HHZ,31.40659424,P,2013-10-02T20:38:38.160000Z,impulsive,positive,manual,reviewed,2013-10-02T20:38:31.910000Z,38.8345,-122.801,3.12,Mw,72080226
BK,MNRC,HHZ,91.79171456,P,2013-10-19T20:17:36.100000Z,emergent,undecidable,manual,reviewed,2013-10-19T20:17:19.770000Z,39.3978333,-123.2703333,3.1,Ml,72090951
BK,MNRC,HHZ,28.43295977,P,2013-10-28T04:59:26.960000Z,emergent,positive,manual,reviewed,2013-10-28T04:59:21.020000Z,38.7448333,-122.7223333,3.25,Ml,72096866
BK,MNRC,HHZ,29.30580185,P,2013-11-14T08:47:24.430000Z,impulsive,positive,manual,reviewed,2013-11-14T08:47:18.450000Z,38.788166,-122.760498,3.43,Mw,72107336
BK,MNRC,HHZ,30.66129642,P,2013-12-05T10:57:36.180000Z,emergent,positive,manual,reviewed,2013-12-05T10:57:29.900000Z,38.7901667,-122.778,3.41,Ml,72115230
BK,MNRC,HHZ,22.72418637,P,2013-12-06T06:44:59.730000Z,impulsive,negative,manual,reviewed,2013-12-06T06:44:54.980000Z,38.6796684,-122.3834991,3.65,Mw,72115885
BK,MNRC,HHZ,27.77369544,P,2014-01-02T09:32:33.200000Z,impulsive,positive,manual,reviewed,2014-01-02T09:32:27.530000Z,38.7866667,-122.7408333,3.25,Mw,72134726
BK,MNRC,HHZ,33.14071034,P,2014-01-12T20:24:53.350000Z,impulsive,positive,manual,reviewed,2014-01-12T20:24:46.740000Z,38.8135,-122.8161667,4.53,Mw,72141176
BK,MNRC,HHZ,34.54392208,P,2014-01-21T11:11:18.470000Z,impulsive,positive,manual,reviewed,2014-01-21T11:11:11.640000Z,38.8393333,-122.8385,3.87,Mw,72144240
BK,MNRC,HHZ,53.62665201,P,2014-04-02T16:27:15.310000Z,impulsive,positive,manual,reviewed,2014-04-02T16:27:05.380000Z,39.2788333,-122.7896667,3.34,Mw,72192395
BK,MNRC,HHZ,50.48241848,P,2014-04-04T04:05:04.550000Z,impulsive,positive,manual,reviewed,2014-04-04T04:04:54.970000Z,38.4493333,-122.254,3.63,Mw,72193350
BK,MNRC,HHZ,32.1081261,P,2014-05-06T21:39:56.580000Z,impulsive,negative,manual,reviewed,2014-05-06T21:39:50.080000Z,38.8148333,-122.8043333,3.29,Ml,72216881
BK,MNRC,HHZ,70.05855426,P,2014-08-05T12:40:14.030000Z,emergent,negative,manual,reviewed,2014-08-05T12:40:01.220000Z,38.2556667,-122.3231667,3.03,Mw,72272361
BK,MNRC,HHZ,74.65280665,P,2014-08-24T10:20:57.580000Z,impulsive,negative,manual,reviewed,2014-08-24T10:20:44.070000Z,38.2151667,-122.3123333,6.02,Mw,72282711
BK,MNRC,HHZ,69.42705584,P,2014-08-24T10:24:57.380000Z,emergent,negative,manual,reviewed,2014-08-24T10:24:44.240000Z,38.2598333,-122.3373333,3.51,Ml,72282751
BK,MNRC,HHZ,71.74170662,P,2014-08-24T12:47:25.620000Z,impulsive,positive,manual,reviewed,2014-08-24T12:47:12.550000Z,38.2383333,-122.3425,3.6,Mw,72283201
BK,MNRC,HHZ,78.83592885,P,2014-08-26T12:33:31.080000Z,impulsive,positive,manual,reviewed,2014-08-26T12:33:16.840000Z,38.1785,-122.3008333,3.9,Mw,72284586
BK,MNRC,HHZ,72.1751474,P,2014-08-31T08:56:33.910000Z,impulsive,negative,manual,reviewed,2014-08-31T08:56:20.830000Z,38.2358333,-122.3285,3.24,Mw,72288561
BK,MNRC,HHZ,102.4021403,P,2014-10-04T15:45:26.730000Z,emergent,negative,manual,reviewed,2014-10-04T15:45:08.710000Z,39.3171667,-123.4863333,3.93,Mw,72320511
BK,MNRC,HHZ,29.4705021,P,2014-10-29T04:36:41.440000Z,impulsive,positive,manual,reviewed,2014-10-29T04:36:35.310000Z,38.8016667,-122.7683333,3.59,Mw,72334886
BK,MNRC,HHZ,29.5063801,P,2014-11-08T06:21:33.060000Z,impulsive,positive,manual,reviewed,2014-11-08T06:21:27.060000Z,38.7868333,-122.7623333,3.21,Ml,72337305
BK,MNRC,HHZ,32.55457971,P,2015-03-10T00:40:15.810000Z,impulsive,positive,manual,reviewed,2015-03-10T00:40:09.320000Z,38.8161667,-122.81,3.43,Mw,72408335
BK,MNRC,HHZ,26.12663501,P,2015-04-25T16:05:23.220000Z,impulsive,positive,manual,reviewed,2015-04-25T16:05:17.880000Z,38.7861667,-122.72,3.28,Ml,72435065
BK,MNRC,HHZ,51.24021673,P,2015-04-28T00:53:12.880000Z,emergent,positive,manual,reviewed,2015-04-28T00:53:03.380000Z,39.2703333,-122.7556667,3.23,Ml,72436530
BK,MNRC,HHZ,81.79827495,P,2015-04-28T15:19:23.800000Z,emergent,positive,manual,reviewed,2015-04-28T15:19:08.870000Z,39.5011667,-122.9486667,3.1,Ml,72436930
BK,MNRC,HHZ,107.2291861,P,2015-05-03T22:13:37.550000Z,emergent,positive,manual,reviewed,2015-05-03T22:13:19.500000Z,37.9665,-122.0436667,3.64,Mw,72439615
BK,MNRC,HHZ,107.9344134,P,2015-05-06T14:02:06.520000Z,emergent,undecidable,manual,reviewed,2015-05-06T14:01:47.420000Z,37.958,-122.0505,3.03,Ml,72444161
BK,MNRC,HHZ,107.2736888,P,2015-05-06T14:32:22.090000Z,emergent,negative,manual,reviewed,2015-05-06T14:32:04.070000Z,37.9661667,-122.0433333,3.51,Mw,72444186
BK,MNRC,HHZ,52.44553399,P,2015-05-22T02:53:10.670000Z,impulsive,positive,manual,reviewed,2015-05-22T02:53:00.780000Z,38.4316667,-122.2503333,4.09,Mw,72453246
BK,MNRC,HHZ,31.10699606,P,2015-07-10T03:29:55.410000Z,impulsive,positive,manual,reviewed,2015-07-10T03:29:49.160000Z,38.8081667,-122.7903333,3.83,Mw,72483061
BK,MNRC,HHZ,28.30343718,P,2015-07-22T02:55:59.000000Z,impulsive,positive,manual,reviewed,2015-07-22T02:55:53.100000Z,38.8175,-122.76,3.05,Ml,72491441
BK,MNRC,HHZ,101.6700244,P,2015-07-27T18:24:42.750000Z,emergent,positive,manual,reviewed,2015-07-27T18:24:25.220000Z,38.9111667,-123.6168333,3.45,Ml,72495466
BK,MNRC,HHZ,28.09828146,P,2015-08-23T17:41:24.360000Z,emergent,negative,manual,reviewed,2015-08-23T17:41:18.670000Z,38.7843333,-122.7436667,3.83,Mw,72511186
BK,MNRC,HHZ,106.4590479,P,2015-09-12T13:41:52.070000Z,emergent,negative,manual,reviewed,2015-09-12T13:41:32.640000Z,39.8076667,-122.7425,3.07,Ml,72524286
BK,MNRC,HHZ,78.36601936,P,2015-09-28T21:36:54.320000Z,impulsive,positive,manual,reviewed,2015-09-28T21:36:40.160000Z,39.4435,-122.9865,3.91,Mw,72532161
BK,MNRC,HHZ,33.24793395,P,2015-10-18T13:16:40.960000Z,emergent,positive,manual,reviewed,2015-10-18T13:16:34.210000Z,38.8076667,-122.8156667,3.3,Ml,72539720
BK,MNRC,HHZ,91.70498828,P,2015-10-31T06:11:02.050000Z,impulsive,negative,manual,reviewed,2015-10-31T06:10:47.380000Z,39.6036667,-121.935,3.53,Mw,72546355
BK,MNRC,HHZ,27.4992718,P,2016-03-19T21:20:37.820000Z,emergent,positive,manual,reviewed,2016-03-19T21:20:32.380000Z,38.8485,-122.758,3.73,Mw,72609210
BK,MNRC,HHZ,28.24617663,P,2016-03-20T19:31:02.010000Z,impulsive,positive,manual,reviewed,2016-03-20T19:30:56.260000Z,38.8383333,-122.7648333,3.05,Ml,72609930
BK,MNRC,HHZ,35.6993731,P,2016-04-08T12:58:38.050000Z,impulsive,positive,manual,reviewed,2016-04-08T12:58:31.010000Z,38.8263333,-122.8495,3.77,Mw,72619445
BK,MNRC,HHZ,33.46536318,P,2016-05-12T05:30:02.070000Z,impulsive,positive,manual,reviewed,2016-05-12T05:29:55.440000Z,38.8158333,-122.8206667,3.83,Mw,72634195
BK,MNRC,HHZ,33.55056218,P,2016-05-31T23:03:38.600000Z,impulsive,positive,manual,reviewed,2016-05-31T23:03:31.840000Z,38.8068333,-122.819,3.17,Ml,72643806
BK,MNRC,HHZ,31.35748443,P,2016-06-10T23:58:01.500000Z,impulsive,positive,manual,reviewed,2016-06-10T23:57:55.220000Z,38.8253333,-122.7983333,3.31,Ml,72649606
BK,MNRC,HHZ,28.08556923,P,2016-06-21T20:37:26.350000Z,impulsive,negative,manual,reviewed,2016-06-21T20:37:20.540000Z,38.8188333,-122.7578333,3.34,Ml,72653986
BK,MNRC,HHZ,27.93495363,P,2016-07-30T17:11:29.000000Z,emergent,negative,manual,reviewed,2016-07-30T17:11:23.460000Z,38.7451667,-122.7158333,3.37,Mw,72669111
BK,MNRC,HHZ,48.99829859,P,2016-08-01T23:32:56.720000Z,impulsive,negative,manual,reviewed,2016-08-01T23:32:47.610000Z,38.4408333,-122.5056667,3.16,Ml,72669095
BK,MNRC,HHZ,58.90916202,P,2016-08-10T02:57:28.230000Z,impulsive,negative,manual,reviewed,2016-08-10T02:57:17.510000Z,39.3293333,-122.8018333,5.09,Mw,72672610
BK,MNRC,HHZ,31.69053162,P,2016-10-20T10:45:08.950000Z,impulsive,negative,manual,reviewed,2016-10-20T10:45:02.650000Z,38.825,-122.8021667,3.29,Ml,72714841
BK,MNRC,HHZ,26.29003687,P,2016-11-11T13:49:41.250000Z,emergent,negative,manual,reviewed,2016-11-11T13:49:36.030000Z,38.7506667,-122.6978333,3.33,Ml,72723635
BK,MNRC,HHZ,58.77078601,P,2016-12-05T08:59:46.090000Z,emergent,negative,manual,reviewed,2016-12-05T08:59:35.250000Z,39.3303333,-122.7966667,3.06,Ml,72733235
BK,MNRC,HHZ,35.082962,P,2016-12-14T16:41:12.700000Z,impulsive,positive,manual,reviewed,2016-12-14T16:41:05.530000Z,38.8221667,-122.8413333,5.01,Mw,72737985
BK,MNRC,BHZ,56.24375048,P,2016-12-15T23:49:18.840000Z,impulsive,positive,manual,reviewed,2016-12-15T23:49:08.350000Z,38.6386667,-121.8718333,3.03,Ml,72739095
BK,MNRC,HHZ,28.75188048,P,2017-01-27T19:08:35.600000Z,impulsive,positive,manual,reviewed,2017-01-27T19:08:29.710000Z,38.7935,-122.7561667,3.89,Mw,72756770
BK,MNRC,HHZ,37.75825793,P,2017-02-06T14:02:45.940000Z,impulsive,positive,manual,reviewed,2017-02-06T14:02:38.580000Z,38.5621667,-122.2853333,3.01,Ml,72760230
BK,MNRC,HHZ,31.30745626,P,2017-02-07T07:39:20.990000Z,impulsive,positive,manual,reviewed,2017-02-07T07:39:14.550000Z,38.8036667,-122.7911667,3.24,Ml,72761506
BK,MNRC,HHZ,38.00763849,P,2017-02-11T09:01:02.930000Z,impulsive,positive,manual,reviewed,2017-02-11T09:00:55.610000Z,38.5591667,-122.2873333,3.24,Mw,72762726
BK,MNRC,HHZ,62.97726283,P,2017-03-07T12:59:52.240000Z,emergent,positive,manual,reviewed,2017-03-07T12:59:40.430000Z,38.7771667,-123.158,3.13,Ml,72771356
BK,MNRC,HHZ,26.87249528,P,2017-04-17T20:31:50.660000Z,emergent,positive,manual,reviewed,2017-04-17T20:31:45.180000Z,38.774,-122.7223333,3.73,Mw,72789886
BK,MNRC,HHZ,30.65954336,P,2017-04-30T10:12:22.590000Z,impulsive,positive,manual,reviewed,2017-04-30T10:12:16.340000Z,38.7883333,-122.7771667,3.98,Mw,72795911
BK,MNRC,HHZ,48.45137404,P,2017-05-29T18:21:34.670000Z,emergent,negative,manual,reviewed,2017-05-29T18:21:25.350000Z,38.9013333,-123.0018333,3.26,Mw,72807936
BK,MNRC,HHZ,32.53744323,P,2017-06-06T01:49:45.380000Z,impulsive,negative,manual,reviewed,2017-06-06T01:49:38.950000Z,38.8225,-122.8115,3.33,Ml,72811001
BK,MNRC,HHZ,108.6794137,P,2017-06-21T19:00:39.270000Z,emergent,negative,manual,reviewed,2017-06-21T19:00:20.430000Z,37.9085,-122.2923333,3.02,Mw,72819101
BK,MNRC,HHZ,32.84021382,P,2017-07-27T01:36:28.930000Z,impulsive,negative,manual,reviewed,2017-07-27T01:36:22.400000Z,38.584,-122.4186667,3.27,Mw,72849876
BK,MNRC,HHZ,30.5318247,P,2017-08-24T12:54:38.550000Z,impulsive,positive,manual,reviewed,2017-08-24T12:54:32.120000Z,38.7975,-122.7795,3.5,Mw,72876100
BK,MNRC,HHZ,36.49563093,P,2017-08-31T15:59:23.270000Z,impulsive,negative,manual,reviewed,2017-08-31T15:59:16.280000Z,38.621,-122.7033333,3.52,Mw,72882765
BK,MNRC,HHZ,81.87438548,P,2017-10-13T23:10:47.230000Z,emergent,positive,manual,reviewed,2017-10-13T23:10:32.130000Z,39.2846667,-123.2341667,3.88,Mw,72908631
BK,MNRC,HHZ,28.04374397,P,2018-01-18T05:55:17.870000Z,emergent,negative,manual,reviewed,2018-01-18T05:55:11.950000Z,38.785,-122.7433333,4.28,Mw,72955520
BK,MNRC,HHZ,33.39335567,P,2018-02-10T01:39:08.040000Z,impulsive,negative,manual,reviewed,2018-02-10T01:39:01.340000Z,38.808,-122.8175,3.23,Ml,72966896
BK,MNRC,HHZ,28.72762843,P,2018-04-07T07:37:21.610000Z,impulsive,positive,manual,reviewed,2018-04-07T07:37:15.640000Z,38.8265,-122.7676667,3.49,Mw,72996311
BK,MNRC,HHZ,55.15416907,P,2018-05-04T20:26:10.210000Z,emergent,negative,manual,reviewed,2018-05-04T20:26:00.090000Z,39.3031667,-122.7735,3.04,Ml,73010506
BK,MNRC,HHZ,31.62975299,P,2018-05-10T02:58:37.240000Z,impulsive,positive,manual,reviewed,2018-05-10T02:58:30.910000Z,38.81,-122.7971667,4.19,Mw,73014276
BK,MNRC,HHZ,30.770516,P,2018-05-10T02:59:34.250000Z,impulsive,positive,manual,reviewed,2018-05-10T02:59:27.510000Z,38.7995,-122.7831667,3.1,Mw,73014286
BK,MNRC,HHZ,81.28021496,P,2018-06-08T17:24:07.490000Z,emergent,positive,manual,reviewed,2018-06-08T17:23:52.770000Z,39.2758333,-123.2333333,3.72,Mw,73027396
BK,MNRC,HHZ,31.50165747,P,2018-06-28T23:49:17.370000Z,impulsive,positive,manual,reviewed,2018-06-28T23:49:11.100000Z,38.8331667,-122.8018333,3.22,Ml,73037206
BK,MNRC,HHZ,32.05216129,P,2018-07-26T01:38:29.080000Z,impulsive,positive,manual,reviewed,2018-07-26T01:38:22.710000Z,38.8253333,-122.8065,3.44,Ml,73055751
BK,MNRC,HHZ,88.54768147,P,2018-07-30T22:23:08.790000Z,emergent,negative,manual,reviewed,2018-07-30T22:22:53.470000Z,38.0828333,-122.4096667,3.66,Mw,73061391
BK,MNRC,HHZ,30.28443578,P,2018-08-16T14:14:59.070000Z,impulsive,positive,manual,reviewed,2018-08-16T14:14:52.940000Z,38.8021667,-122.7783333,3.27,Mw,73071866
BK,MNRC,HHZ,32.45736999,P,2018-09-01T15:45:13.180000Z,impulsive,positive,manual,reviewed,2018-09-01T15:45:06.620000Z,38.8263333,-122.8115,3.76,Mw,73078885
BK,MNRC,HHZ,91.74411649,P,2018-09-02T00:28:10.340000Z,emergent,undecidable,manual,reviewed,2018-09-02T00:27:54.170000Z,38.0713333,-122.2258333,3.29,Mw,73079240
BK,MNRC,HHZ,33.04745313,P,2018-10-10T08:48:32.190000Z,impulsive,positive,manual,reviewed,2018-10-10T08:48:25.600000Z,38.838,-122.8208333,3.35,Mw,73095656
BK,MNRC,HHZ,94.85397982,P,2018-11-09T20:32:04.980000Z,emergent,negative,manual,reviewed,2018-11-09T20:31:48.410000Z,39.4251667,-123.2875,3.79,Mw,73109006
BK,MNRC,HHZ,92.82216446,P,2018-11-10T19:56:19.150000Z,emergent,positive,manual,reviewed,2018-11-10T19:56:02.860000Z,38.061,-122.2285,3.53,Mw,73109341
BK,MNRC,HHZ,29.06560123,P,2018-12-10T07:38:09.000000Z,emergent,positive,manual,reviewed,2018-12-10T07:38:03.330000Z,38.7356667,-122.7235,3.09,Ml,73120976
BK,MNRC,HHZ,31.42136462,P,2018-12-21T17:18:31.790000Z,emergent,positive,manual,reviewed,2018-12-21T17:18:25.510000Z,38.8193333,-122.7975,3.22,Ml,73125011
